task_count,algorithm,makespan,throughput,resource_utilization,average_waiting_time,vm_utilization
100,FCFS,99.1603,1.0085,0.0701,0.0000,VM01:0.1913; VM02:0.1728; VM03:0.0935; VM04:0.0876; VM05:0.0425; VM06:0.0452; VM07:0.0215; VM08:0.0251; VM09:0.0096; VM10:0.0115
100,SJF,100.2365,0.9976,0.0540,29.3281,VM01:0.0779; VM02:0.1321; VM03:0.0346; VM04:0.1271; VM05:0.0387; VM06:0.0614; VM07:0.0138; VM08:0.0194; VM09:0.0286; VM10:0.0069
100,EFT,98.3234,1.0171,0.0116,0.0084,VM01:0.0000; VM02:0.0000; VM03:0.0000; VM04:0.0000; VM05:0.0000; VM06:0.0000; VM07:0.0049; VM08:0.0012; VM09:0.0785; VM10:0.0311
200,FCFS,100.2155,1.9957,0.1274,0.0000,VM01:0.2817; VM02:0.3130; VM03:0.1842; VM04:0.1817; VM05:0.0824; VM06:0.0843; VM07:0.0425; VM08:0.0526; VM09:0.0260; VM10:0.0250
200,SJF,104.2471,1.9185,0.0770,39.2185,VM01:0.1263; VM02:0.0998; VM03:0.0728; VM04:0.1518; VM05:0.0640; VM06:0.0615; VM07:0.0528; VM08:0.0540; VM09:0.0413; VM10:0.0462
200,EFT,100.1078,1.9978,0.0244,0.0122,VM01:0.0000; VM02:0.0000; VM03:0.0000; VM04:0.0000; VM05:0.0000; VM06:0.0000; VM07:0.0265; VM08:0.0141; VM09:0.1154; VM10:0.0876
300,FCFS,100.2598,2.9922,0.1773,0.0000,VM01:0.3901; VM02:0.4013; VM03:0.2514; VM04:0.2174; VM05:0.1502; VM06:0.1313; VM07:0.0756; VM08:0.0739; VM09:0.0416; VM10:0.0400
300,SJF,106.7881,2.8093,0.0979,41.8734,VM01:0.1864; VM02:0.0667; VM03:0.0909; VM04:0.1422; VM05:0.0946; VM06:0.0989; VM07:0.1090; VM08:0.0475; VM09:0.0845; VM10:0.0582
300,EFT,100.1455,2.9956,0.0381,0.0202,VM01:0.0000; VM02:0.0000; VM03:0.0000; VM04:0.0000; VM05:0.0009; VM06:0.0000; VM07:0.0621; VM08:0.0284; VM09:0.1461; VM10:0.1436
400,FCFS,101.1377,3.9550,0.2363,0.0001,VM01:0.5155; VM02:0.5222; VM03:0.3486; VM04:0.3161; VM05:0.1712; VM06:0.1837; VM07:0.1003; VM08:0.0975; VM09:0.0567; VM10:0.0508
400,SJF,111.0494,3.6020,0.1162,44.4646,VM01:0.1425; VM02:0.1476; VM03:0.1219; VM04:0.1143; VM05:0.1219; VM06:0.1087; VM07:0.1209; VM08:0.0932; VM09:0.0875; VM10:0.1037
400,EFT,100.1455,3.9942,0.0533,0.0274,VM01:0.0000; VM02:0.0000; VM03:0.0000; VM04:0.0000; VM05:0.0036; VM06:0.0013; VM07:0.1091; VM08:0.0545; VM09:0.1779; VM10:0.1865
500,FCFS,100.4310,4.9785,0.2625,0.0006,VM01:0.5080; VM02:0.5166; VM03:0.3842; VM04:0.3495; VM05:0.2125; VM06:0.2347; VM07:0.1361; VM08:0.1268; VM09:0.0819; VM10:0.0745
500,SJF,113.8881,4.3903,0.1350,46.8607,VM01:0.1472; VM02:0.1598; VM03:0.1528; VM04:0.1231; VM05:0.1286; VM06:0.1400; VM07:0.1371; VM08:0.1218; VM09:0.1244; VM10:0.1151
500,EFT,100.1455,4.9927,0.0682,0.0384,VM01:0.0000; VM02:0.0000; VM03:0.0000; VM04:0.0000; VM05:0.0155; VM06:0.0013; VM07:0.1358; VM08:0.0888; VM09:0.2145; VM10:0.2259
600,FCFS,101.1639,5.9310,0.3022,0.0059,VM01:0.5733; VM02:0.5839; VM03:0.4075; VM04:0.4032; VM05:0.2482; VM06:0.2892; VM07:0.1657; VM08:0.1620; VM09:0.1004; VM10:0.0885
600,SJF,115.6029,5.1902,0.1608,48.6283,VM01:0.1847; VM02:0.1586; VM03:0.1922; VM04:0.1935; VM05:0.1459; VM06:0.1553; VM07:0.1494; VM08:0.1395; VM09:0.1486; VM10:0.1402
600,EFT,100.1455,5.9913,0.0863,0.0526,VM01:0.0000; VM02:0.0000; VM03:0.0000; VM04:0.0000; VM05:0.0458; VM06:0.0049; VM07:0.1707; VM08:0.1434; VM09:0.2453; VM10:0.2524
700,FCFS,101.0390,6.9280,0.3412,0.0121,VM01:0.6596; VM02:0.5939; VM03:0.4629; VM04:0.4667; VM05:0.3031; VM06:0.3217; VM07:0.1845; VM08:0.1777; VM09:0.1279; VM10:0.1135
700,SJF,118.8981,5.8874,0.1835,50.5749,VM01:0.2459; VM02:0.1929; VM03:0.1798; VM04:0.2188; VM05:0.1546; VM06:0.1665; VM07:0.1721; VM08:0.1828; VM09:0.1552; VM10:0.1670
700,EFT,100.2155,6.9849,0.1064,0.0619,VM01:0.0000; VM02:0.0000; VM03:0.0000; VM04:0.0000; VM05:0.0784; VM06:0.0462; VM07:0.1940; VM08:0.1880; VM09:0.2841; VM10:0.2734
800,FCFS,100.5834,7.9536,0.3756,0.0208,VM01:0.6543; VM02:0.6632; VM03:0.4654; VM04:0.5274; VM05:0.3807; VM06:0.3569; VM07:0.2129; VM08:0.2094; VM09:0.1463; VM10:0.1399
800,SJF,122.5126,6.5299,0.1988,51.6912,VM01:0.1936; VM02:0.2681; VM03:0.1891; VM04:0.2116; VM05:0.1973; VM06:0.1962; VM07:0.1819; VM08:0.1787; VM09:0.1871; VM10:0.1845
800,EFT,100.2376,7.9810,0.1245,0.0740,VM01:0.0000; VM02:0.0000; VM03:0.0052; VM04:0.0000; VM05:0.1013; VM06:0.0585; VM07:0.2220; VM08:0.2360; VM09:0.3144; VM10:0.3073
900,FCFS,100.5819,8.9479,0.4128,0.0298,VM01:0.6734; VM02:0.7400; VM03:0.5766; VM04:0.5717; VM05:0.3730; VM06:0.3814; VM07:0.2307; VM08:0.2343; VM09:0.1723; VM10:0.1748
900,SJF,125.3397,7.1805,0.2191,53.2087,VM01:0.2318; VM02:0.2378; VM03:0.2561; VM04:0.2203; VM05:0.2180; VM06:0.2178; VM07:0.1998; VM08:0.2099; VM09:0.1997; VM10:0.2002
900,EFT,100.2376,8.9787,0.1440,0.0840,VM01:0.0000; VM02:0.0000; VM03:0.0089; VM04:0.0027; VM05:0.1282; VM06:0.0978; VM07:0.2461; VM08:0.2674; VM09:0.3432; VM10:0.3456
1000,FCFS,100.5819,9.9421,0.4426,0.0411,VM01:0.7486; VM02:0.7371; VM03:0.5976; VM04:0.5849; VM05:0.4317; VM06:0.3928; VM07:0.2794; VM08:0.2624; VM09:0.1960; VM10:0.1954
1000,SJF,126.7729,7.8881,0.2355,54.3878,VM01:0.2379; VM02:0.2379; VM03:0.2410; VM04:0.2410; VM05:0.2462; VM06:0.2462; VM07:0.2381; VM08:0.2381; VM09:0.2144; VM10:0.2144
1000,EFT,100.2376,9.9763,0.1624,0.0967,VM01:0.0000; VM02:0.0000; VM03:0.0294; VM04:0.0053; VM05:0.1430; VM06:0.1164; VM07:0.2790; VM08:0.2937; VM09:0.3751; VM10:0.3823
